name,run,index,step,timestamp,version,cpu_user,cpu_system,cpu_user_system,cpu_idle,cpu_iowait,memory_ram,memory_swap,memory_ram_swap,disk_read_count,disk_write_count,disk_read_bytes,disk_write_bytes,disk_read_time,disk_write_time,disk_busy_time,network_received_count,network_sent_count,network_received_bytes,network_sent_bytes,network_received_error,network_sent_error,network_received_drop,network_sent_drop
rml-io test-case RMLSTC0004a,1,1,1,0.0,3,0.0,0.0,0.0,0.0,0.0,0,0,0,0,0,0,0,0,0,0,0,0,0,0,0,0,0,0
rml-io test-case RMLSTC0004a,1,2,1,0.1018,3,0.04,0.07,0.11000000000000001,0.68,0.01,3980472320,0,3980472320,0,0,0,0,0,0,0,0,0,0,0,0,0,0,0
rml-io test-case RMLSTC0004a,1,3,1,0.2037,3,0.05,0.21,0.26,1.33,0.01,3936169984,0,3936169984,0,2962,0,62586880,0,211,124,0,0,0,0,0,0,0,0
rml-io test-case RMLSTC0004a,1,4,1,0.3049,3,0.06,0.35,0.41,1.97,0.01,3932332032,0,3932332032,0,6800,0,131866624,0,329,316,0,0,0,0,0,0,0,0
rml-io test-case RMLSTC0004a,1,5,1,0.4066,3,0.38,0.5,0.88,2.24,0.04,3931353088,0,3931353088,0,7130,0,135749632,0,447,477,0,2,0,219,0,0,0,0
rml-io test-case RMLSTC0004a,1,6,1,0.508,3,0.48,0.57,1.0499999999999998,2.85,0.06,3949314048,0,3949314048,0,7204,0,136306688,0,480,518,0,2,0,219,0,0,0,0
rml-io test-case RMLSTC0004a,1,7,1,0.6197,3,0.67,0.72,1.3900000000000001,3.38,0.06,3936874496,0,3936874496,0,7226,0,136478720,0,497,545,4,9,329,881,0,0,0,0
rml-io test-case RMLSTC0004a,1,8,1,0.7211,3,0.74,1.04,1.78,3.76,0.08,3978170368,0,3978170368,454,7262,33955840,136790016,780,520,651,6,12,461,1226,0,0,0,0
rml-io test-case RMLSTC0004a,1,9,1,0.8258,3,0.86,1.26,2.12,4.24,0.09,4006916096,0,4006916096,657,7262,49512448,136790016,1118,520,701,8,14,627,1334,0,0,0,0
rml-io test-case RMLSTC0004a,1,10,1,0.9373,3,1.0,1.33,2.33,4.89,0.11,4007886848,0,4007886848,897,7262,67198976,136790016,1220,520,819,8,14,627,1334,0,0,0,0
rml-io test-case RMLSTC0004a,1,11,1,1.0387,3,1.19,1.35,2.54,5.45,0.12,4015423488,0,4015423488,1059,7262,72278016,136790016,1250,520,911,10,18,815,1876,0,0,0,0
rml-io test-case RMLSTC0004a,1,12,1,1.1526,3,1.43,1.38,2.8099999999999996,6.08,0.12,4020514816,0,4020514816,1117,7262,79568896,136790016,1266,520,954,10,18,815,1876,0,0,0,0
rml-io test-case RMLSTC0004a,1,13,1,1.2544,3,1.64,1.41,3.05,6.64,0.13,4023177216,0,4023177216,1231,7262,82780160,136790016,1281,520,1021,10,18,815,1876,0,0,0,0
rml-io test-case RMLSTC0004a,1,14,1,1.3561,3,1.75,1.45,3.2,7.26,0.15,4022636544,0,4022636544,1472,7268,92430336,136814592,1355,520,1119,10,18,815,1876,0,0,0,0
rml-io test-case RMLSTC0004a,1,15,1,1.4576,3,1.91,1.54,3.45,7.81,0.16,4037410816,0,4037410816,1690,7268,105324544,136814592,1487,520,1204,12,20,973,2052,0,0,0,0
rml-io test-case RMLSTC0004a,1,16,1,1.5676,3,2.12,1.56,3.68,8.42,0.19,4036272128,0,4036272128,1923,7268,113811456,136814592,1527,520,1338,12,20,973,2052,0,0,0,0
rml-io test-case RMLSTC0004a,1,17,1,1.6695,3,2.3,1.59,3.8899999999999997,9.01,0.21,4044759040,0,4044759040,2091,7268,123600896,136814592,1565,520,1429,12,20,973,2052,0,0,0,0
rml-io test-case RMLSTC0004a,1,18,1,1.771,3,2.6,1.64,4.24,9.46,0.21,4054822912,0,4054822912,2091,7268,123600896,136814592,1565,520,1429,12,20,973,2052,0,0,0,0
rml-io test-case RMLSTC0004a,1,19,1,1.8815,3,2.98,1.69,4.67,9.87,0.21,4027170816,0,4027170816,2091,8029,123600896,142106624,1565,627,1469,12,20,973,2052,0,0,0,0
rml-io test-case RMLSTC0004a,1,20,1,1.9897,3,3.23,1.71,4.9399999999999995,10.46,0.21,4036399104,0,4036399104,2121,8029,124239872,142106624,1567,627,1479,12,20,973,2052,0,0,0,0
rml-io test-case RMLSTC0004a,1,21,1,2.0918,3,3.52,1.76,5.28,10.92,0.22,4043186176,0,4043186176,2192,8029,128860160,142106624,1616,627,1498,12,20,973,2052,0,0,0,0
rml-io test-case RMLSTC0004a,1,22,1,2.2031,3,3.73,1.78,5.51,11.56,0.22,4049846272,0,4049846272,2206,8029,129146880,142106624,1618,627,1512,13,21,1099,2146,0,0,0,0
rml-io test-case RMLSTC0004a,1,23,1,2.3045,3,3.75,1.8,5.55,12.33,0.22,4048097280,0,4048097280,2206,8029,129146880,142106624,1618,627,1512,13,21,1099,2146,0,0,0,0
rml-io test-case RMLSTC0004a,1,24,1,2.406,3,3.79,1.83,5.62,13.07,0.22,4047306752,0,4047306752,2206,8029,129146880,142106624,1618,627,1512,13,24,1099,2416,0,0,0,0
rml-io test-case RMLSTC0004a,1,25,1,2.5088,3,3.81,1.84,5.65,13.86,0.22,3934916608,0,3934916608,2206,8029,129146880,142106624,1618,627,1512,17,25,1391,2517,0,0,0,0
rml-io test-case RMLSTC0004a,1,26,1,2.6104,3,3.94,1.95,5.89,14.34,0.24,3911069696,0,3911069696,2206,8123,129146880,142819328,1618,676,1578,12,14,965,1472,0,0,0,0
